siRNA_sense_seq,siRNA_antisense_seq,modified_siRNA_sense_seq_list,modified_siRNA_antisense_seq_list,gene_target_symbol_name,siRNA_concentration,concentration_unit,cell_line_donor,Transfection_method
AUAGCACUGAUUAAAUUGA,UCAAUUUAAUCAGUGCUAUGU,a s u s a g c a Cf Uf Gf a u u a a a u u s g s a,u s Cf s a Af u Uf u Af a Uf c Af g Uf g Cf u Af u s Gf s u,MASP2,10,nM,Primary Human Hepatocytes,Lipofectamine
AUGACAUAGCACUGAUUAA,UUAAUCAGUGCUAUGUCAUUG,a s u s g a c a Uf Af Gf c a c u g a u u s a s a,u s Uf s a Af u Cf a Gf u Gf c Uf a Uf g Uf c Af u s Uf s g,MASP2,10,nM,Primary Human Hepatocytes,Lipofectamine
ACCUUCUACACAAUGAAAA,UUUUCAUUGUGUAGAAGGUCU,a s c s c u u c Uf Af Cf a c a a u g a a s a s a,u s Uf s u Uf c Af u Uf g Uf g Uf a Gf a Af g Gf u s Cf s u,MASP2,10,nM,Primary Human Hepatocytes,Lipofectamine
CUUUGACAAUGACAUAGCA,UGCUAUGUCAUUGUCAAAGCC,c s u s u u g a Cf Af Af u g a c a u a g s c s a,u s Gf s c Uf a Uf g Uf c Af u Uf g Uf c Af a Af g s Cf s c,MASP2,10,nM,Primary Human Hepatocytes,Lipofectamine
AAAGCUGUGAUUCAGUACA,UGUACUGAAUCACAGCUUUGU,a s a s a g c u Gf Uf Gf a u u c a g u a s c s a,u s Gf s u Af c Uf g Af a Uf c Af c Af g Cf u Uf u s Gf s u,MASP2,10,nM,Primary Human Hepatocytes,Lipofectamine
AUCACCUUUGUCACAGAUA,UAUCUGUGACAAAGGUGAUGG,a s u s c a c c Uf Uf Uf g u c a c a g a s u s a,u s Af s u Cf u Gf u Gf a Cf a Af a Gf g Uf g Af u s Gf s g,MASP2,10,nM,Primary Human Hepatocytes,Lipofectamine
ACAAUGACAUAGCACUGAU,AUCAGUGCUAUGUCAUUGUCA,a s c s a a u g Af Cf Af u a g c a c u g s a s u,a s Uf s c Af g Uf g Cf u Af u Gf u Cf a Uf u Gf u s Cf s a,MASP2,10,nM,Primary Human Hepatocytes,Lipofectamine
GGUCUGAAGCUGUUUUUAU,AUAAAAACAGCUUCAGACCAG,g s g s u c u g Af Af Gf c u g u u u u u s a s u,a s Uf s a Af a Af a Cf a Gf c Uf u Cf a Gf a Cf c s Af s g,MASP2,10,nM,Primary Human Hepatocytes,Lipofectamine
GAUGCUGGCUUUGACAAUA,UAUUGUCAAAGCCAGCAUCAU,g s a s u g c u Gf Gf Cf u u u g a c a a s u s a,u s Af s u Uf g Uf c Af a Af g Cf c Af g Cf a Uf c s Af s u,MASP2,10,nM,Primary Human Hepatocytes,Lipofectamine
CGGUGACCAUCACCUUUGU,ACAAAGGUGAUGGUCACCGUG,c s g s g u g a Cf Cf Af u c a c c u u u s g s u,a s Cf s a Af a Gf g Uf g Af u Gf g Uf c Af c Cf g s Uf s g,MASP2,10,nM,Primary Human Hepatocytes,Lipofectamine
GAAGCUGUUUUUAUACAUA,UAUGUAUAAAAACAGCUUCAG,g s a s a g c u Gf Uf Uf u u u a u a c a s u s a,u s Af s u Gf u Af u Af a Af a Af c Af g Cf u Uf c s Af s g,MASP2,10,nM,Primary Human Hepatocytes,Lipofectamine
CUGGUCUGAAGCUGUUUUU,AAAAACAGCUUCAGACCAGGC,c s u s g g u c Uf Gf Af a g c u g u u u s u s u,a s Af s a Af a Cf a Gf c Uf u Cf a Gf a Cf c Af g s Gf s c,MASP2,10,nM,Primary Human Hepatocytes,Lipofectamine
CAUUCUGGACUUUGUGGAA,UUCCACAAAGUCCAGAAUGAC,c s a s u u c u Gf Gf Af c u u u g u g g s a s a,u s Uf s c Cf a Cf a Af a Gf u Cf c Af g Af a Uf g s Af s c,MASP2,10,nM,Primary Human Hepatocytes,Lipofectamine
ACACAAUGAAAGUGAAUGA,UCAUUCACUUUCAUUGUGUAG,a s c s a c a a Uf Gf Af a a g u g a a u s g s a,u s Cf s a Uf u Cf a Cf u Uf u Cf a Uf u Gf u Gf u s Af s g,MASP2,10,nM,Primary Human Hepatocytes,Lipofectamine
GACAUAGCACUGAUUAAAU,AUUUAAUCAGUGCUAUGUCAU,g s a s c a u a Gf Cf Af c u g a u u a a s a s u,a s Uf s u Uf a Af u Cf a Gf u Gf c Uf a Uf g Uf c s Af s u,MASP2,10,nM,Primary Human Hepatocytes,Lipofectamine
GUGUCAUUCUGGACUUUGU,ACAAAGUCCAGAAUGACACUG,g s u s g u c a Uf Uf Cf u g g a c u u u s g s u,a s Cf s a Af a Gf u Cf c Af g Af a Uf g Af c Af c s Uf s g,MASP2,10,nM,Primary Human Hepatocytes,Lipofectamine
ACGACUUUCUCAAGAUUCA,UGAAUCUUGAGAAAGUCGUAG,a s c s g a c u Uf Uf Cf u c a a g a u u s c s a,u s Gf s a Af u Cf u Uf g Af g Af a Af g Uf c Gf u s Af s g,MASP2,10,nM,Primary Human Hepatocytes,Lipofectamine
UGACAAUGACAUAGCACUA,UAGUGCUAUGUCAUUGUCAAA,u s g s a c a a Uf Gf Af c a u a g c a c s u s a,u s Af s g Uf g Cf u Af u Gf u Cf a Uf u Gf u Cf a s Af s a,MASP2,10,nM,Primary Human Hepatocytes,Lipofectamine
ACCAUCACCUUUGUCACAA,UUGUGACAAAGGUGAUGGUCA,a s c s c a u c Af Cf Cf u u u g u c a c s a s a,u s Uf s g Uf g Af c Af a Af g Gf u Gf a Uf g Gf u s Cf s a,MASP2,10,nM,Primary Human Hepatocytes,Lipofectamine
UGGUAAAUAUGUGUGUGAA,UUCACACACAUAUUUACCAUC,u s g s g u a a Af Uf Af u g u g u g u g s a s a,u s Uf s c Af c Af c Af c Af u Af u Uf u Af c Cf a s Uf s c,MASP2,10,nM,Primary Human Hepatocytes,Lipofectamine
CUUUGUCACAGAUGAAUCA,UGAUUCAUCUGUGACAAAGGU,c s u s u u g u Cf Af Cf a g a u g a a u s c s a,u s Gf s a Uf u Cf a Uf c Uf g Uf g Af c Af a Af g s Gf s u,MASP2,10,nM,Primary Human Hepatocytes,Lipofectamine
CAUCACCUUUGUCACAGAU,AUCUGUGACAAAGGUGAUGGU,c s a s u c a c Cf Uf Uf u g u c a c a g s a s u,a s Uf s c Uf g Uf g Af c Af a Af g Gf u Gf a Uf g s Gf s u,MASP2,10,nM,Primary Human Hepatocytes,Lipofectamine
UUUGUCACAGAUGAAUCAA,UUGAUUCAUCUGUGACAAAGG,u s u s u g u c Af Cf Af g a u g a a u c s a s a,u s Uf s g Af u Uf c Af u Cf u Gf u Gf a Cf a Af a s Gf s g,MASP2,10,nM,Primary Human Hepatocytes,Lipofectamine
UGCUGGCUUUGACAAUGAA,UUCAUUGUCAAAGCCAGCAUC,u s g s c u g g Cf Uf Uf u g a c a a u g s a s a,u s Uf s c Af u Uf g Uf c Af a Af g Cf c Af g Cf a s Uf s c,MASP2,10,nM,Primary Human Hepatocytes,Lipofectamine
UUGUCACAGAUGAAUCAGA,UCUGAUUCAUCUGUGACAAAG,u s u s g u c a Cf Af Gf a u g a a u c a s g s a,u s Cf s u Gf a Uf u Cf a Uf c Uf g Uf g Af c Af a s Af s g,MASP2,10,nM,Primary Human Hepatocytes,Lipofectamine
CUUUGUGGAGUCCUUCGAU,AUCGAAGGACUCCACAAAGUC,c s u s u u g u Gf Gf Af g u c c u u c g s a s u,a s Uf s c Gf a Af g Gf a Cf u Cf c Af c Af a Af g s Uf s c,MASP2,10,nM,Primary Human Hepatocytes,Lipofectamine
AAUGACAUAGCACUGAUUA,UAAUCAGUGCUAUGUCAUUGU,a s a s u g a c Af Uf Af g c a c u g a u s u s a,u s Af s a Uf c Af g Uf g Cf u Af u Gf u Cf a Uf u s Gf s u,MASP2,10,nM,Primary Human Hepatocytes,Lipofectamine
GCCUGGUCUGAAGCUGUUU,AAACAGCUUCAGACCAGGCUU,g s c s c u g g Uf Cf Uf g a a g c u g u s u s u,a s Af s a Cf a Gf c Uf u Cf a Gf a Cf c Af g Gf c s Uf s u,MASP2,10,nM,Primary Human Hepatocytes,Lipofectamine
ACACACCCUGAAACCCUGU,ACAGGGUUUCAGGGUGUGUCU,a s c s a c a c Cf Cf Uf g a a a c c c u s g s u,a s Cf s a Gf g Gf u Uf u Cf a Gf g Gf u Gf u Gf u s Cf s u,MASP2,10,nM,Primary Human Hepatocytes,Lipofectamine
ACGUUUCACCUGUGCAAGA,UCUUGCACAGGUGAAACGUGG,a s c s g u u u Cf Af Cf c u g u g c a a s g s a,u s Cf s u Uf g Cf a Cf a Gf g Uf g Af a Af c Gf u s Gf s g,MASP2,10,nM,Primary Human Hepatocytes,Lipofectamine
GAUCGAGAACAUAAUUAGU,ACUAAUUAUGUUCUCGAUCCA,g s a s u c g a Gf Af Af c a u a a u u a s g s u,a s Cf s u Af a Uf u Af u Gf u Uf c Uf c Gf a Uf c s Cf s a,MASP2,10,nM,Primary Human Hepatocytes,Lipofectamine
CAAUGACAUAGCACUGAUU,AAUCAGUGCUAUGUCAUUGUC,c s a s a u g a Cf Af Uf a g c a c u g a s u s u,a s Af s u Cf a Gf u Gf c Uf a Uf g Uf c Af u Uf g s Uf s c,MASP2,10,nM,Primary Human Hepatocytes,Lipofectamine
UUUUAUACAUGAAGGUUAU,AUAACCUUCAUGUAUAAAAAC,u s u s u u a u Af Cf Af u g a a g g u u s a s u,a s Uf s a Af c Cf u Uf c Af u Gf u Af u Af a Af a s Af s c,MASP2,10,nM,Primary Human Hepatocytes,Lipofectamine
CCUGGUCUGAAGCUGUUUU,AAAACAGCUUCAGACCAGGCU,c s c s u g g u Cf Uf Gf a a g c u g u u s u s u,a s Af s a Af c Af g Cf u Uf c Af g Af c Cf a Gf g s Cf s u,MASP2,10,nM,Primary Human Hepatocytes,Lipofectamine
UGGUCUGAAGCUGUUUUUA,UAAAAACAGCUUCAGACCAGG,u s g s g u c u Gf Af Af g c u g u u u u s u s a,u s Af s a Af a Af c Af g Cf u Uf c Af g Af c Cf a s Gf s g,MASP2,10,nM,Primary Human Hepatocytes,Lipofectamine
UACUCAUGAUGCUGGCUUU,AAAGCCAGCAUCAUGAGUAUA,u s a s c u c a Uf Gf Af u g c u g g c u s u s u,a s Af s a Gf c Cf a Gf c Af u Cf a Uf g Af g Uf a s Uf s a,MASP2,10,nM,Primary Human Hepatocytes,Lipofectamine
CAGGUGCACUUUUAUAUGA,UCAUAUAAAAGUGCACCUGCU,c s a s g g u g Cf Af Cf u u u u a u a u s g s a,u s Cf s a Uf a Uf a Af a Af g Uf g Cf a Cf c Uf g s Cf s u,MASP2,10,nM,Primary Human Hepatocytes,Lipofectamine
UUCUGGACUUUGUGGAGUA,UACUCCACAAAGUCCAGAAUG,u s u s c u g g Af Cf Uf u u g u g g a g s u s a,u s Af s c Uf c Cf a Cf a Af a Gf u Cf c Af g Af a s Uf s g,MASP2,10,nM,Primary Human Hepatocytes,Lipofectamine
GUCAUUCUGGACUUUGUGA,UCACAAAGUCCAGAAUGACAC,g s u s c a u u Cf Uf Gf g a c u u u g u s g s a,u s Cf s a Cf a Af a Gf u Cf c Af g Af a Uf g Af c s Af s c,MASP2,10,nM,Primary Human Hepatocytes,Lipofectamine
CUAUUUGUCUGCCAAGAAA,UUUCUUGGCAGACAAAUAGGC,c s u s a u u u Gf Uf Cf u g c c a a g a s a s a,u s Uf s u Cf u Uf g Gf c Af g Af c Af a Af u Af g s Gf s c,MASP2,10,nM,Primary Human Hepatocytes,Lipofectamine
UGGACUUUGUGGAGUCCUU,AAGGACUCCACAAAGUCCAGA,u s g s g a c u Uf Uf Gf u g g a g u c c s u s u,a s Af s g Gf a Cf u Cf c Af c Af a Af g Uf c Cf a s Gf s a,MASP2,10,nM,Primary Human Hepatocytes,Lipofectamine
UUUGUCAGAAAGAUGGAUA,UAUCCAUCUUUCUGACAAACU,u s u s u g u c Af Gf Af a a g a u g g a s u s a,u s Af s u Cf c Af u Cf u Uf u Cf u Gf a Cf a Af a s Cf s u,MASP2,10,nM,Primary Human Hepatocytes,Lipofectamine
GUAAAUAUGUGUGUGAGGA,UCCUCACACACAUAUUUACCA,g s u s a a a u Af Uf Gf u g u g u g a g s g s a,u s Cf s c Uf c Af c Af c Af c Af u Af u Uf u Af c s Cf s a,MASP2,10,nM,Primary Human Hepatocytes,Lipofectamine
ACUUUCUCAAGAUUCAAAA,UUUUGAAUCUUGAGAAAGUCG,a s c s u u u c Uf Cf Af a g a u u c a a s a s a,u s Uf s u Uf g Af a Uf c Uf u Gf a Gf a Af a Gf u s Cf s g,MASP2,10,nM,Primary Human Hepatocytes,Lipofectamine
UGUGUCCCUACGACUUUCU,AGAAAGUCGUAGGGACACAGG,u s g s u g u c Cf Cf Uf a c g a c u u u s c s u,a s Gf s a Af a Gf u Cf g Uf a Gf g Gf a Cf a Cf a s Gf s g,MASP2,10,nM,Primary Human Hepatocytes,Lipofectamine
CCUACAAAGCUGUGAUUCA,UGAAUCACAGCUUUGUAGGUG,c s c s u a c a Af Af Gf c u g u g a u u s c s a,u s Gf s a Af u Cf a Cf a Gf c Uf u Uf g Uf a Gf g s Uf s g,MASP2,10,nM,Primary Human Hepatocytes,Lipofectamine
UGGCAAGUCCUGAUAUUAA,UUAAUAUCAGGACUUGCCAAG,u s g s g c a a Gf Uf Cf c u g a u a u u s a s a,u s Uf s a Af u Af u Cf a Gf g Af c Uf u Gf c Cf a s Af s g,MASP2,10,nM,Primary Human Hepatocytes,Lipofectamine
AUACAUGAAGGUUAUACUA,UAGUAUAACCUUCAUGUAUAA,a s u s a c a u Gf Af Af g g u u a u a c s u s a,u s Af s g Uf a Uf a Af c Cf u Uf c Af u Gf u Af u s Af s a,MASP2,10,nM,Primary Human Hepatocytes,Lipofectamine
CAGCCUUGCCCUUAUCCGA,UCGGAUAAGGGCAAGGCUGCG,c s a s g c c u Uf Gf Cf c c u u a u c c s g s a,u s Cf s g Gf a Uf a Af g Gf g Cf a Af g Gf c Uf g s Cf s g,MASP2,10,nM,Primary Human Hepatocytes,Lipofectamine
GUGACCAUCACCUUUGUCA,UGACAAAGGUGAUGGUCACCG,g s u s g a c c Af Uf Cf a c c u u u g u s c s a,u s Gf s a Cf a Af a Gf g Uf g Af u Gf g Uf c Af c s Cf s g,MASP2,10,nM,Primary Human Hepatocytes,Lipofectamine
CCUGUGCAAGCCAAAUACA,UGUAUUUGGCUUGCACAGGUG,c s c s u g u g Cf Af Af g c c a a a u a s c s a,u s Gf s u Af u Uf u Gf g Cf u Uf g Cf a Cf a Gf g s Uf s g,MASP2,10,nM,Primary Human Hepatocytes,Lipofectamine
UCAUGAUGCUGGCUUUGAA,UUCAAAGCCAGCAUCAUGAGU,u s c s a u g a Uf Gf Cf u g g c u u u g s a s a,u s Uf s c Af a Af g Cf c Af g Cf a Uf c Af u Gf a s Gf s u,MASP2,10,nM,Primary Human Hepatocytes,Lipofectamine
UCAUUCUGGACUUUGUGGA,UCCACAAAGUCCAGAAUGACA,u s c s a u u c Uf Gf Gf a c u u u g u g s g s a,u s Cf s c Af c Af a Af g Uf c Cf a Gf a Af u Gf a s Cf s a,MASP2,10,nM,Primary Human Hepatocytes,Lipofectamine
UCAUUAUACACAAGCCUGA,UCAGGCUUGUGUAUAAUGAGG,u s c s a u u a Uf Af Cf a c a a g c c u s g s a,u s Cf s a Gf g Cf u Uf g Uf g Uf a Uf a Af u Gf a s Gf s g,MASP2,10,nM,Primary Human Hepatocytes,Lipofectamine
UCUGGACUUUGUGGAGUCA,UGACUCCACAAAGUCCAGAAU,u s c s u g g a Cf Uf Uf u g u g g a g u s c s a,u s Gf s a Cf u Cf c Af c Af a Af g Uf c Cf a Gf a s Af s u,MASP2,10,nM,Primary Human Hepatocytes,Lipofectamine
UGUCAUUCUGGACUUUGUA,UACAAAGUCCAGAAUGACACU,u s g s u c a u Uf Cf Uf g g a c u u u g s u s a,u s Af s c Af a Af g Uf c Cf a Gf a Af u Gf a Cf a s Cf s u,MASP2,10,nM,Primary Human Hepatocytes,Lipofectamine
CCUCAUUAUACACAAGCCU,AGGCUUGUGUAUAAUGAGGUG,c s c s u c a u Uf Af Uf a c a c a a g c s c s u,a s Gf s g Cf u Uf g Uf g Uf a Uf a Af u Gf a Gf g s Uf s g,MASP2,10,nM,Primary Human Hepatocytes,Lipofectamine
UAUAUUCCCUGGAUCGAGA,UCUCGAUCCAGGGAAUAUAGU,u s a s u a u u Cf Cf Cf u g g a u c g a s g s a,u s Cf s u Cf g Af u Cf c Af g Gf g Af a Uf a Uf a s Gf s u,MASP2,10,nM,Primary Human Hepatocytes,Lipofectamine
AUAUUCCCUGGAUCGAGAA,UUCUCGAUCCAGGGAAUAUAG,a s u s a u u c Cf Cf Uf g g a u c g a g s a s a,u s Uf s c Uf c Gf a Uf c Cf a Gf g Gf a Af u Af u s Af s g,MASP2,10,nM,Primary Human Hepatocytes,Lipofectamine
UACACAAUGAAAGUGAAUA,UAUUCACUUUCAUUGUGUAGA,u s a s c a c a Af Uf Gf a a a g u g a a s u s a,u s Af s u Uf c Af c Uf u Uf c Af u Uf g Uf g Uf a s Gf s a,MASP2,10,nM,Primary Human Hepatocytes,Lipofectamine
AGCACUGAUUAAAUUGAAU,AUUCAAUUUAAUCAGUGCUAU,a s g s c a c u Gf Af Uf u a a a u u g a s a s u,a s Uf s u Cf a Af u Uf u Af a Uf c Af g Uf g Cf u s Af s u,MASP2,10,nM,Primary Human Hepatocytes,Lipofectamine
CACCUUUGUCACAGAUGAA,UUCAUCUGUGACAAAGGUGAU,c s a s c c u u Uf Gf Uf c a c a g a u g s a s a,u s Uf s c Af u Cf u Gf u Gf a Cf a Af a Gf g Uf g s Af s u,MASP2,10,nM,Primary Human Hepatocytes,Lipofectamine
CUGAUUAAAUUGAAUAACA,UGUUAUUCAAUUUAAUCAGUG,c s u s g a u u Af Af Af u u g a a u a a s c s a,u s Gf s u Uf a Uf u Cf a Af u Uf u Af a Uf c Af g s Uf s g,MASP2,10,nM,Primary Human Hepatocytes,Lipofectamine
CCUGAAACCCUGUGUCCCU,AGGGACACAGGGUUUCAGGGU,c s c s u g a a Af Cf Cf c u g u g u c c s c s u,a s Gf s g Gf a Cf a Cf a Gf g Gf u Uf u Cf a Gf g s Gf s u,MASP2,10,nM,Primary Human Hepatocytes,Lipofectamine
UCAGUGUCAUUCUGGACUU,AAGUCCAGAAUGACACUGAAC,u s c s a g u g Uf Cf Af u u c u g g a c s u s u,a s Af s g Uf c Cf a Gf a Af u Gf a Cf a Cf u Gf a s Af s c,MASP2,10,nM,Primary Human Hepatocytes,Lipofectamine
UACAAAGCUGUGAUUCAGU,ACUGAAUCACAGCUUUGUAGG,u s a s c a a a Gf Cf Uf g u g a u u c a s g s u,a s Cf s u Gf a Af u Cf a Cf a Gf c Uf u Uf g Uf a s Gf s g,MASP2,10,nM,Primary Human Hepatocytes,Lipofectamine
ACAUGAAGGUUAUACUCAU,AUGAGUAUAACCUUCAUGUAU,a s c s a u g a Af Gf Gf u u a u a c u c s a s u,a s Uf s g Af g Uf a Uf a Af c Cf u Uf c Af u Gf u s Af s u,MASP2,10,nM,Primary Human Hepatocytes,Lipofectamine
CCUACGACUUUCUCAAGAU,AUCUUGAGAAAGUCGUAGGGA,c s c s u a c g Af Cf Uf u u c u c a a g s a s u,a s Uf s c Uf u Gf a Gf a Af a Gf u Cf g Uf a Gf g s Gf s a,MASP2,10,nM,Primary Human Hepatocytes,Lipofectamine
GCACUGAUUAAAUUGAAUA,UAUUCAAUUUAAUCAGUGCUA,g s c s a c u g Af Uf Uf a a a u u g a a s u s a,u s Af s u Uf c Af a Uf u Uf a Af u Cf a Gf u Gf c s Uf s a,MASP2,10,nM,Primary Human Hepatocytes,Lipofectamine
UGACCAUCACCUUUGUCAA,UUGACAAAGGUGAUGGUCACC,u s g s a c c a Uf Cf Af c c u u u g u c s a s a,u s Uf s g Af c Af a Af g Gf u Gf a Uf g Gf u Cf a s Cf s c,MASP2,10,nM,Primary Human Hepatocytes,Lipofectamine
UUCUGUGGGAAGACAUUGA,UCAAUGUCUUCCCACAGAAUG,u s u s c u g u Gf Gf Gf a a g a c a u u s g s a,u s Cf s a Af u Gf u Cf u Uf c Cf c Af c Af g Af a s Uf s g,MASP2,10,nM,Primary Human Hepatocytes,Lipofectamine
UGACAUAGCACUGAUUAAA,UUUAAUCAGUGCUAUGUCAUU,u s g s a c a u Af Gf Cf a c u g a u u a s a s a,u s Uf s u Af a Uf c Af g Uf g Cf u Af u Gf u Cf a s Uf s u,MASP2,10,nM,Primary Human Hepatocytes,Lipofectamine
UAGCACUGAUUAAAUUGAA,UUCAAUUUAAUCAGUGCUAUG,u s a s g c a c Uf Gf Af u u a a a u u g s a s a,u s Uf s c Af a Uf u Uf a Af u Cf a Gf u Gf c Uf a s Uf s g,MASP2,10,nM,Primary Human Hepatocytes,Lipofectamine
ACACGGUGACCAUCACCUU,AAGGUGAUGGUCACCGUGUUG,a s c s a c g g Uf Gf Af c c a u c a c c s u s u,a s Af s g Gf u Gf a Uf g Gf u Cf a Cf c Gf u Gf u s Uf s g,MASP2,10,nM,Primary Human Hepatocytes,Lipofectamine
GGCAAAACCUGGUGAUUUU,AAAAUCACCAGGUUUUGCCUU,g s g s c a a a Af Cf Cf u g g u g a u u s u s u,a s Af s a Af u Cf a Cf c Af g Gf u Uf u Uf g Cf c s Uf s u,MASP2,10,nM,Primary Human Hepatocytes,Lipofectamine
UCACCUGUGCAAGCCAAAU,AUUUGGCUUGCACAGGUGAAA,u s c s a c c u Gf Uf Gf c a a g c c a a s a s u,a s Uf s u Uf g Gf c Uf u Gf c Af c Af g Gf u Gf a s Af s a,MASP2,10,nM,Primary Human Hepatocytes,Lipofectamine
AUGUACUGCUGCAUAUGAA,UUCAUAUGCAGCAGUACAUUU,a s u s g u a c Uf Gf Cf u g c a u a u g s a s a,u s Uf s c Af u Af u Gf c Af g Cf a Gf u Af c Af u s Uf s u,MASP2,10,nM,Primary Human Hepatocytes,Lipofectamine
UAUACACAAGCCUGGUCUA,UAGACCAGGCUUGUGUAUAAU,u s a s u a c a Cf Af Af g c c u g g u c s u s a,u s Af s g Af c Cf a Gf g Cf u Uf g Uf g Uf a Uf a s Af s u,MASP2,10,nM,Primary Human Hepatocytes,Lipofectamine
AUUCUGGACUUUGUGGAGU,ACUCCACAAAGUCCAGAAUGA,a s u s u c u g Gf Af Cf u u u g u g g a s g s u,a s Cf s u Cf c Af c Af a Af g Uf c Cf a Gf a Af u s Gf s a,MASP2,10,nM,Primary Human Hepatocytes,Lipofectamine
GAAGGUUAUACUCAUGAUA,UAUCAUGAGUAUAACCUUCAU,g s a s a g g u Uf Af Uf a c u c a u g a s u s a,u s Af s u Cf a Uf g Af g Uf a Uf a Af c Cf u Uf c s Af s u,MASP2,10,nM,Primary Human Hepatocytes,Lipofectamine
UCCACUACACGAGCACAGA,UCUGUGCUCGUGUAGUGGAUC,u s c s c a c u Af Cf Af c g a g c a c a s g s a,u s Cf s u Gf u Gf c Uf c Gf u Gf u Af g Uf g Gf a s Uf s c,MASP2,10,nM,Primary Human Hepatocytes,Lipofectamine
GUUUGUCAGAAAGAUGGAU,AUCCAUCUUUCUGACAAACUG,g s u s u u g u Cf Af Gf a a a g a u g g s a s u,a s Uf s c Cf a Uf c Uf u Uf c Uf g Af c Af a Af c s Uf s g,MASP2,10,nM,Primary Human Hepatocytes,Lipofectamine
AGUGAAUGAUGGUAAAUAU,AUAUUUACCAUCAUUCACUUU,a s g s u g a a Uf Gf Af u g g u a a a u s a s u,a s Uf s a Uf u Uf a Cf c Af u Cf a Uf u Cf a Cf u s Uf s u,MASP2,10,nM,Primary Human Hepatocytes,Lipofectamine
CAAUGAAAGUGAAUGAUGA,UCAUCAUUCACUUUCAUUGUG,c s a s a u g a Af Af Gf u g a a u g a u s g s a,u s Cf s a Uf c Af u Uf c Af c Uf u Uf c Af u Uf g s Uf s g,MASP2,10,nM,Primary Human Hepatocytes,Lipofectamine
CUAUCACCUCAUUAUACAA,UUGUAUAAUGAGGUGAUAGUC,c s u s a u c a Cf Cf Uf c a u u a u a c s a s a,u s Uf s g Uf a Uf a Af u Gf a Gf g Uf g Af u Af g s Uf s c,MASP2,10,nM,Primary Human Hepatocytes,Lipofectamine
UUUUUAUACAUGAAGGUUA,UAACCUUCAUGUAUAAAAACA,u s u s u u u a Uf Af Cf a u g a a g g u s u s a,u s Af s a Cf c Uf u Cf a Uf g Uf a Uf a Af a Af a s Cf s a,MASP2,10,nM,Primary Human Hepatocytes,Lipofectamine
GUGUCCCUACGACUUUCUA,UAGAAAGUCGUAGGGACACAG,g s u s g u c c Cf Uf Af c g a c u u u c s u s a,u s Af s g Af a Af g Uf c Gf u Af g Gf g Af c Af c s Af s g,MASP2,10,nM,Primary Human Hepatocytes,Lipofectamine
GAUCCACUACACGAGCACA,UGUGCUCGUGUAGUGGAUCUU,g s a s u c c a Cf Uf Af c a c g a g c a s c s a,u s Gf s u Gf c Uf c Gf u Gf u Af g Uf g Gf a Uf c s Uf s u,MASP2,10,nM,Primary Human Hepatocytes,Lipofectamine
ACAAAGCUGUGAUUCAGUA,UACUGAAUCACAGCUUUGUAG,a s c s a a a g Cf Uf Gf u g a u u c a g s u s a,u s Af s c Uf g Af a Uf c Af c Af g Cf u Uf u Gf u s Af s g,MASP2,10,nM,Primary Human Hepatocytes,Lipofectamine
AGCUGUGAUUCAGUACAGA,UCUGUACUGAAUCACAGCUUU,a s g s c u g u Gf Af Uf u c a g u a c a s g s a,u s Cf s u Gf u Af c Uf g Af a Uf c Af c Af g Cf u s Uf s u,MASP2,10,nM,Primary Human Hepatocytes,Lipofectamine
UACACAAGCCUGGUCUGAA,UUCAGACCAGGCUUGUGUAUA,u s a s c a c a Af Gf Cf c u g g u c u g s a s a,u s Uf s c Af g Af c Cf a Gf g Cf u Uf g Uf g Uf a s Uf s a,MASP2,10,nM,Primary Human Hepatocytes,Lipofectamine
UGUCCCUACGACUUUCUCA,UGAGAAAGUCGUAGGGACACA,u s g s u c c c Uf Af Cf g a c u u u c u s c s a,u s Gf s a Gf a Af a Gf u Cf g Uf a Gf g Gf a Cf a s Cf s a,MASP2,10,nM,Primary Human Hepatocytes,Lipofectamine
ACACAAGCCUGGUCUGAAA,UUUCAGACCAGGCUUGUGUAU,a s c s a c a a Gf Cf Cf u g g u c u g a s a s a,u s Uf s u Cf a Gf a Cf c Af g Gf c Uf u Gf u Gf u s Af s u,MASP2,10,nM,Primary Human Hepatocytes,Lipofectamine
GUCCUGAUAUUAGGUGGAA,UUCCACCUAAUAUCAGGACUU,g s u s c c u g Af Uf Af u u a g g u g g s a s a,u s Uf s c Cf a Cf c Uf a Af u Af u Cf a Gf g Af c s Uf s u,MASP2,10,nM,Primary Human Hepatocytes,Lipofectamine
UCAAAAAUGUACUGCUGCA,UGCAGCAGUACAUUUUUGAUG,u s c s a a a a Af Uf Gf u a c u g c u g s c s a,u s Gf s c Af g Cf a Gf u Af c Af u Uf u Uf u Gf a s Uf s g,MASP2,10,nM,Primary Human Hepatocytes,Lipofectamine
UUCUACACAAUGAAAGUGA,UCACUUUCAUUGUGUAGAAGG,u s u s c u a c Af Cf Af a u g a a a g u s g s a,u s Cf s a Cf u Uf u Cf a Uf u Gf u Gf u Af g Af a s Gf s g,MASP2,10,nM,Primary Human Hepatocytes,Lipofectamine
UGCUGCAUAUGAAAAGCCA,UGGCUUUUCAUAUGCAGCAGU,u s g s c u g c Af Uf Af u g a a a a g c s c s a,u s Gf s g Cf u Uf u Uf c Af u Af u Gf c Af g Cf a s Gf s u,MASP2,10,nM,Primary Human Hepatocytes,Lipofectamine
AGGCAAAACCUGGUGAUUU,AAAUCACCAGGUUUUGCCUUU,a s g s g c a a Af Af Cf c u g g u g a u s u s u,a s Af s a Uf c Af c Cf a Gf g Uf u Uf u Gf c Cf u s Uf s u,MASP2,10,nM,Primary Human Hepatocytes,Lipofectamine
AUAUGUGUGUGAGGCUGAU,AUCAGCCUCACACACAUAUUU,a s u s a u g u Gf Uf Gf u g a g g c u g s a s u,a s Uf s c Af g Cf c Uf c Af c Af c Af c Af u Af u s Uf s u,MASP2,10,nM,Primary Human Hepatocytes,Lipofectamine
UCUCAAGAUUCAAACAGAA,UUCUGUUUGAAUCUUGAGAAA,u s c s u c a a Gf Af Uf u c a a a c a g s a s a,u s Uf s c Uf g Uf u Uf g Af a Uf c Uf u Gf a Gf a s Af s a,MASP2,10,nM,Primary Human Hepatocytes,Lipofectamine
